epoch,acc,loss,val_acc,val_loss
0,0.679505076142132,0.6346781572109551,0.7274746192893401,0.5348561669364194
1,0.7635469543147209,0.5002992278730809,0.7956852791878173,0.40332497769805986
2,0.8181789340101523,0.40511151667173745,0.8378807106598984,0.39104971773733344
3,0.8565672588832487,0.32964974076009645,0.8886421319796954,0.28660676564056864
4,0.8812341370558375,0.2776137831928161,0.9330583756345178,0.16099673203254108
5,0.899270304568528,0.24153292325850065,0.9083121827411168,0.2344301925395346
6,0.909739847715736,0.21848115344262364,0.9428934010152284,0.12910423461858392
7,0.9219701776649746,0.1911752656934225,0.9425761421319797,0.13395291090314157
8,0.9283470812182741,0.17440172596101833,0.9628807106598984,0.09163600264523689
